Token	Tool	Theme	Layout	Label	Active
N2fIAmy2tgss	sbp	light	classic	Simple · Light · Classic	yes
WnJOLskh0-rV	sbp	light	radial	Simple · Light · Radial	yes
Ol0nwF3TiKwL	sbp	dark	classic	Simple · Dark · Classic	yes
SdMZX7N8gKxq	sbp	dark	radial	Simple · Dark · Radial	yes
2GSOrA5PZw_u	sbp	synthwave	classic	Simple · Synthwave · Classic	yes
DdkJk7hgEbBg	sbp	synthwave	radial	Simple · Synthwave · Radial	yes
qi69vRdpQMoj	sbp	vintage-ledger	classic	Simple · Vintage Ledger · Classic	yes
whnnZSJAPdL6	sbp	vintage-ledger	radial	Simple · Vintage Ledger · Radial	yes
324fmSX08xB7	sbp	terminal	classic	Simple · Terminal · Classic	yes
9DPOCXhpyuF8	sbp	terminal	radial	Simple · Terminal · Radial	yes
swGIGhmeFKYu	ubp	light	classic	Ultimate · Light · Classic	yes
vmouHfEEGmlK	ubp	light	radial	Ultimate · Light · Radial	yes
d1n4ZAjj4TH1	ubp	dark	classic	Ultimate · Dark · Classic	yes
7fzZAoB0U-7n	ubp	dark	radial	Ultimate · Dark · Radial	yes
rYwhvvhBsxwW	ubp	synthwave	classic	Ultimate · Synthwave · Classic	yes
HajIHfSTptFV	ubp	synthwave	radial	Ultimate · Synthwave · Radial	yes
6PaDv7VOG0wG	ubp	vintage-ledger	classic	Ultimate · Vintage Ledger · Classic	yes
zmkD6dvTes74	ubp	vintage-ledger	radial	Ultimate · Vintage Ledger · Radial	yes
FFOpQSioUfDt	ubp	terminal	classic	Ultimate · Terminal · Classic	yes
TOIOGiplrQPn	ubp	terminal	radial	Ultimate · Terminal · Radial	yes
